{
  "serializers": {
    "pickle": 2.5170436449998306,
    "json": 12.89695435800013
  }
}
