{
  "serializers": {
    "json": 13.110892483000498,
    "pickle": 2.6261533409997355
  }
}
